frame,type,left,reference,left_label,reference_label,iou
adasind_014670.jpg,mismatching_label,3,5,Bus,Truck,0.814
adasind_014670.jpg,extra_annotation,5,,ThreeWheeler,,N/A
adasind_032280.jpg,mismatching_attributes,1,3,Car,Car,0.892
adasind_032280.jpg,extra_annotation,7,,Bike,,N/A
adasind_032280.jpg,extra_annotation,8,,Bike,,N/A
adasind_034080.jpg,mismatching_attributes,10,3,Pedestrian,Pedestrian,0.952
adasind_034080.jpg,mismatching_attributes,3,6,Car,Car,0.917
adasind_034080.jpg,mismatching_attributes,2,8,Bike,Bike,0.654
adasind_034080.jpg,extra_annotation,4,,Car,,N/A
adasind_034080.jpg,extra_annotation,6,,Car,,N/A
adasind_034080.jpg,extra_annotation,8,,ThreeWheeler,,N/A
adasind_034080.jpg,extra_annotation,11,,ignore_region,,N/A
adasind_034080.jpg,missing_annotation,,2,,Car,N/A
adasind_034080.jpg,missing_annotation,,9,,ThreeWheeler,N/A
