round,slice,frame,object_ref,cell,what,why,severity,owner,rule_id,evidence,action,rules_version,note
calib,C0,adasind_019560.jpg,L2,na,SPURIOUS,E1_annotator_error,P1,annotator,R01,Vật thể chiều cao nhỏ hơn 40px không cần box,rework,v1.0.0,
calib,C0,adasind_019560.jpg,L5,na,SPURIOUS,E1_annotator_error,P1,annotator,R01,Vật thể nhỏ ở xa hậu cảnh,rework,v1.0.0,
calib,C0,adasind_019560.jpg,L6+R5,na,BOX_GEOMETRY,E1_annotator_error,P1,annotator,R02,Box chưa ôm sát biên dạng vật thể,rework,v1.0.0,
calib,C0,adasind_019560.jpg,L7+R3,na,WRONG_CLASS,E1_annotator_error,P1,annotator,R04,Nhầm ThreeWheeler với Car,rework,v1.0.0,
calib,C0,adasind_019560.jpg,L8,na,SPURIOUS,E1_annotator_error,P1,annotator,R09,Box nằm lọt vào vùng ignore lens_border,rework,v1.0.0,
r2_qa,B1-mid,adasind_014670.jpg,L1,L_only,BOX_GEOMETRY,,P2,qa,R02,Box bám mép và truncated đúng,keep_with_reason,v1.0.0,QA cold review rà soát độ khớp mép box ở rìa kính
r2_qa,B1-mid,adasind_032280.jpg,L2,L_only,WRONG_CLASS,,P2,qa,R04,Van cứu thương gán Car đúng quy tắc R04,keep_with_reason,v1.0.0,QA cold review kiểm tra phân loại van cứu thương
r2_qa,B1-mid,adasind_032280.jpg,L3,L_only,ATTRIBUTE,,P2,qa,R03,Rider xe máy ôm cả người và xe đúng R03,keep_with_reason,v1.0.0,QA cold review kiểm tra quy tắc rider
r1_craft,B1-mid,adasind_014670.jpg,L3+R5,na,WRONG_CLASS,E1_annotator_error,P1,annotator,R04,Nhầm Truck với Bus ở rìa,rework,v1.0.0,
r1_craft,B1-mid,adasind_014670.jpg,L5,na,SPURIOUS,E1_annotator_error,P1,annotator,R01,Vật thể nhỏ ở xa H<40px,rework,v1.0.0,
r1_craft,B1-mid,adasind_032280.jpg,L7,na,SPURIOUS,E1_annotator_error,P1,annotator,R01,Vật thể hậu cảnh không đủ ngưỡng H,rework,v1.0.0,
r1_craft,B1-mid,adasind_032280.jpg,L8,na,SPURIOUS,E1_annotator_error,P1,annotator,R01,Chi tiết nền bị vẽ thừa,rework,v1.0.0,
r1_craft,B1-mid,adasind_034080.jpg,L4+R2,na,BOX_GEOMETRY,E1_annotator_error,P1,annotator,R02,Box chưa ôm khít viền vật thể,rework,v1.0.0,
r1_craft,B1-mid,adasind_034080.jpg,L6,na,SPURIOUS,E1_annotator_error,P1,annotator,R01,Box đối tượng quá nhỏ ở xa,rework,v1.0.0,
r1_craft,B1-mid,adasind_034080.jpg,L8,na,SPURIOUS,E1_annotator_error,P1,annotator,R01,Đối tượng H<40px,rework,v1.0.0,
r1_craft,B1-mid,adasind_034080.jpg,L11,na,SPURIOUS,E1_annotator_error,P1,annotator,R01,Vết mờ trên đường,rework,v1.0.0,
r1_craft,B1-mid,adasind_034080.jpg,R9,na,MISSING,E1_annotator_error,P1,annotator,R01,Sót xe máy hợp lệ ở làn giữa,rework,v1.0.0,
r3_diag,B1-mid,adasind_014670.jpg,L6+R3,LR_noM,MISSING,E4_model_domain,P2,ai_team,R04,Model bỏ sót ThreeWheeler ở góc khuất,keep_with_reason,v1.0.0,
r3_diag,B1-mid,adasind_014670.jpg,L3+M3,LM_noR,SPURIOUS,E0_reference_defect,P2,qa,R04,Reference thiếu đối tượng xe tải phụ,keep_with_reason,v1.0.0,
r3_diag,B1-mid,adasind_014670.jpg,L5,L_only,SPURIOUS,E1_annotator_error,P1,annotator,R01,Vật thể chiều cao nhỏ hơn 40px,rework,v1.0.0,
r3_diag,B1-mid,adasind_014670.jpg,R5,R_only,MISSING,E1_annotator_error,P1,annotator,R04,Bỏ sót xe tải nhỏ ở rìa kính,rework,v1.0.0,
r3_diag,B1-mid,adasind_014670.jpg,M6,M_only,SPURIOUS,E4_model_domain,P3,ai_team,R01,Model nhận diện nhầm bóng cây,keep_with_reason,v1.0.0,
r3_diag,B1-mid,adasind_014670.jpg,M7,M_only,SPURIOUS,E4_model_domain,P3,ai_team,R01,Model nhận diện nhầm biển báo,keep_with_reason,v1.0.0,
r3_diag,B1-mid,adasind_032280.jpg,L3+R2,LR_noM,MISSING,E4_model_domain,P2,ai_team,R03,Model không nhận diện được cụm Rider xe máy,keep_with_reason,v1.0.0,
r3_diag,B1-mid,adasind_032280.jpg,L4+R6,LR_noM,MISSING,E4_model_domain,P2,ai_team,R04,Model bỏ sót xe van cứu thương,keep_with_reason,v1.0.0,
r3_diag,B1-mid,adasind_032280.jpg,L7,L_only,SPURIOUS,E1_annotator_error,P1,annotator,R01,Vật thể hậu cảnh không đủ H=40px,rework,v1.0.0,
r3_diag,B1-mid,adasind_032280.jpg,L8,L_only,SPURIOUS,E1_annotator_error,P1,annotator,R01,Chi tiết mép đường vẽ thừa,rework,v1.0.0,
r3_diag,B1-mid,adasind_032280.jpg,M3,M_only,SPURIOUS,E4_model_domain,P3,ai_team,R01,Model bắt giả người đi bộ,keep_with_reason,v1.0.0,
r3_diag,B1-mid,adasind_032280.jpg,M5,M_only,SPURIOUS,E4_model_domain,P3,ai_team,R01,Model bắt nhầm cột đèn,keep_with_reason,v1.0.0,
r3_diag,B1-mid,adasind_032280.jpg,M7,M_only,SPURIOUS,E4_model_domain,P3,ai_team,R01,Model gán box giả trên vỉa hè,keep_with_reason,v1.0.0,
r3_diag,B1-mid,adasind_032280.jpg,M8,M_only,SPURIOUS,E4_model_domain,P3,ai_team,R01,Model bắt nhầm thùng rác,keep_with_reason,v1.0.0,
r3_diag,B1-mid,adasind_032280.jpg,M9,M_only,SPURIOUS,E4_model_domain,P3,ai_team,R01,Model bắt nhầm biển quảng cáo,keep_with_reason,v1.0.0,
r3_diag,B1-mid,adasind_032280.jpg,M11,M_only,SPURIOUS,E4_model_domain,P3,ai_team,R01,Model bắt giả xe ở rìa méo,keep_with_reason,v1.0.0,
r3_diag,B1-mid,adasind_034080.jpg,L1+R5,LR_noM,MISSING,E4_model_domain,P2,ai_team,R04,Model không nhận diện được ThreeWheeler,keep_with_reason,v1.0.0,
r3_diag,B1-mid,adasind_034080.jpg,L7+R7,LR_noM,MISSING,E4_model_domain,P2,ai_team,R01,Model bỏ sót người đi bộ sát lề,keep_with_reason,v1.0.0,
r3_diag,B1-mid,adasind_034080.jpg,L2+R8,LR_noM,MISSING,E4_model_domain,P2,ai_team,R03,Model bỏ sót xe đạp,keep_with_reason,v1.0.0,
r3_diag,B1-mid,adasind_034080.jpg,L4,L_only,SPURIOUS,E1_annotator_error,P1,annotator,R02,Box chưa ôm khít vật thể,rework,v1.0.0,
r3_diag,B1-mid,adasind_034080.jpg,L6,L_only,SPURIOUS,E1_annotator_error,P1,annotator,R01,Box đối tượng quá nhỏ ở xa,rework,v1.0.0,
r3_diag,B1-mid,adasind_034080.jpg,L8,L_only,SPURIOUS,E1_annotator_error,P1,annotator,R01,Đối tượng H<40px,rework,v1.0.0,
r3_diag,B1-mid,adasind_034080.jpg,L11,L_only,SPURIOUS,E1_annotator_error,P1,annotator,R01,Vết mờ trên đường,rework,v1.0.0,
r3_diag,B1-mid,adasind_034080.jpg,R2+M3,RM_noL,MISSING,E1_annotator_error,P1,annotator,R01,Annotator bỏ sót xe máy ở giữa đường,rework,v1.0.0,
r3_diag,B1-mid,adasind_034080.jpg,R9,R_only,MISSING,E1_annotator_error,P1,annotator,R01,Annotator bỏ sót xe máy hợp lệ,rework,v1.0.0,
r3_diag,B1-mid,adasind_034080.jpg,M7,M_only,SPURIOUS,E4_model_domain,P3,ai_team,R01,Model phát hiện giả bóng râm,keep_with_reason,v1.0.0,
r3_diag,B1-mid,adasind_034080.jpg,M8,M_only,SPURIOUS,E4_model_domain,P3,ai_team,R01,Model phát hiện giả cột biển báo,keep_with_reason,v1.0.0,
r3_diag,B1-mid,adasind_034080.jpg,M9,M_only,SPURIOUS,E4_model_domain,P3,ai_team,R01,Model phát hiện giả vỉa hè,keep_with_reason,v1.0.0,
r3_diag,B1-mid,adasind_034080.jpg,M10,M_only,SPURIOUS,E4_model_domain,P3,ai_team,R01,Model gán box giả trên tường rào,keep_with_reason,v1.0.0,
r3_diag,B1-mid,adasind_034080.jpg,M11,M_only,SPURIOUS,E4_model_domain,P3,ai_team,R01,Model gán box giả trên cây cối,keep_with_reason,v1.0.0,
r3_diag,B1-mid,adasind_034080.jpg,M12,M_only,SPURIOUS,E4_model_domain,P3,ai_team,R01,Model gán box giả trên mặt đường,keep_with_reason,v1.0.0,
